login,first_name,last_name,age
dhirjak0,Dimitry,Hirjak,51
jfowls1,Joellen,Fowls,40
jlindop2,Jaimie,Lindop,27
ascoles3,Abby,Scoles,21
sgalbraeth4,Sibylle,Galbraeth,53
emico5,Ellary,Mico,79
bmunn6,Brnaby,Munn,65
mdobson7,Marni,Dobson,40
gkarlik8,Gerianne,Karlik,36
ovasin9,Osgood,Vasin,68
lavramovitza,Lauren,Avramovitz,59
tashplantb,Trace,Ashplant,34
aunthankc,Adelheid,Unthank,41
bfretterd,Boyd,Fretter,29
acleare,Anne-corinne,Clear,38
ssharvellf,Sherri,Sharvell,35
cbessetg,Carley,Besset,71
dkiesselh,Dilan,Kiessel,22
scastelli,Sada,Castell,88
otwelftreej,Orv,Twelftree,34
wparisok,Winston,Pariso,59
mcumberlidgel,Maurise,Cumberlidge,32
wpourem,Wallache,Poure,46
dstephensn,Denni,Stephens,22
jcreffieldo,Jodee,Creffield,64
gsarchwellp,Grace,Sarchwell,18
dduerdenq,Dell,Duerden,78
hvossr,Hallie,Voss,84
acafferkys,Alano,Cafferky,43
jgriffithst,Jaquith,Griffiths,76
cgauchieru,Cassie,Gauchier,28
eansteysv,Ettore,Ansteys,43
szupow,Sherilyn,Zupo,24
gagglionex,Gottfried,Agglione,31
toldroydey,Tobye,Oldroyde,33
pairetonz,Paulo,Aireton,38
sdalgarnocht10,Sayers,Dalgarnocht,62
cdumingo11,Cloe,Dumingo,25
jchippindall12,Jeanie,Chippindall,37
tmidson13,Trumaine,Midson,45
stinkham14,Sibbie,Tinkham,69
bskipsey15,Billye,Skipsey,69
goulett16,Graig,Oulett,42
isparhawk17,Inglebert,Sparhawk,29
jcraigie18,Jarib,Craigie,79
slegge19,Sabra,Legge,19
nvynarde1a,Noble,Vynarde,19
dterzi1b,Dylan,Terzi,26
awhewill1c,Avis,Whewill,51
halfuso1d,Hoebart,Alfuso,34
mritter1e,Mathian,Ritter,80
egunderson1f,Ellette,Gunderson,41
hhiggan1g,Hettie,Higgan,81
jcammish1h,Jerrold,Cammish,82
jwollard1i,Jeff,Wollard,85
pantoniat1j,Phillip,Antoniat,69
ltwigge1k,Lefty,Twigge,49
teneas1l,Tucky,Eneas,71
icree1m,Ilise,Cree,51
adunbabin1n,Arther,Dunbabin,68
lcopnell1o,Locke,Copnell,36
jvampouille1p,Johna,Vampouille,28
aalabone1q,Averyl,Alabone,26
rcrepel1r,Rey,Crepel,19
wmintoft1s,Whittaker,Mintoft,35
bjopke1t,Bobine,Jopke,78
skyncl1u,Selie,Kyncl,27
cnorth1v,Carine,North,63
rludron1w,Rancell,Ludron,78
aglaum1x,Aeriel,Glaum,75
amiall1y,Anderson,Miall,47
aridolfo1z,Aubrie,Ridolfo,22
dblackwell20,Derward,Blackwell,56
anaisby21,Ara,Naisby,75
idufore22,Iosep,Dufore,84
ccampion23,Carmine,Campion,53
fbodley24,Fayre,Bodley,28
vskingle25,Vina,Skingle,46
jmee26,Justus,Mee,71
khesse27,Kellen,Hesse,44
mknibley28,Martie,Knibley,77
charriott29,Clo,Harriott,59
maird2a,Meridith,Aird,78
grosini2b,Gale,Rosini,80
anecrews2c,Anet,Necrews,76
cibanez2d,Ced,Ibanez,69
dnewbold2e,Domini,Newbold,19
fjatczak2f,Fulvia,Jatczak,74
coxtaby2g,Candide,Oxtaby,90
vgethins2h,Vaughan,Gethins,68
ctynewell2i,Clerc,Tynewell,69
jbrideaux2j,Jackie,Brideaux,64
ozeal2k,Oralie,Zeal,22
njacomb2l,Norby,Jacomb,68
rgofford2m,Robers,Gofford,24
cmcgray2n,Callie,McGray,57
nrowlstone2o,Nicoline,Rowlstone,53
bkeigher2p,Brook,Keigher,59
jskevington2q,Jerrie,Skevington,56
abroodes2r,Avril,Broodes,54
aginie2s,Andie,Ginie,85
jcheves2t,Julianne,Cheves,50
fcarillo2u,Ferdinande,Carillo,88
lshemilt2v,Lyda,Shemilt,86
mbreacher2w,Maryjane,Breacher,59
kheinlein2x,Kimmy,Heinlein,32
dballchin2y,Devlin,Ballchin,20
dbrewins2z,Dunn,Brewins,29
rmarran30,Rebekkah,Marran,28
dlindstrom31,Dannie,Lindstrom,31
dlarose32,Dionysus,Larose,46
teykelbosch33,Timothee,Eykelbosch,18
bstoffel34,Beckie,Stoffel,87
kwasselin35,Katrine,Wasselin,70
cnickerson36,Casie,Nickerson,78
dfusedale37,Dido,Fusedale,50
telijah38,Trev,Elijah,60
hkarslake39,Hobey,Karslake,77
dhansford3a,Dinnie,Hansford,41
hboydon3b,Hercule,Boydon,69
lwife3c,L;urette,Wife,41
spiccard3d,Sandy,Piccard,39
iivancevic3e,Isac,Ivancevic,66
sfilgate3f,Stephannie,Filgate,25
gburwin3g,Grannie,BURWIN,55
jrosenbaum3h,Jonathon,Rosenbaum,41
emacgiffin3i,Esra,MacGiffin,62
jbaseke3j,Julee,Baseke,73
mchazelas3k,Melvyn,Chazelas,68
nradborne3l,Neils,Radborne,65
gtrusdale3m,Gustie,Trusdale,31
cberns3n,Corette,Berns,90
drumming3o,Deanne,Rumming,79
cdonson3p,Carroll,Donson,47
cscammonden3q,Cordey,Scammonden,88
mchastagnier3r,Maddalena,Chastagnier,63
psneyd3s,Prudence,Sneyd,30
kkitchenside3t,Kellia,Kitchenside,75
lwarters3u,Lynde,Warters,23
lvassar3v,Lissi,Vassar,38
acoronado3w,Adams,Coronado,55
swaistell3x,Shelton,Waistell,35
mcorran3y,Moina,Corran,76
tcopestick3z,Tonia,Copestick,63
jrakestraw40,Jaye,Rakestraw,31
bdee41,Braden,Dee,90
imuino42,Ilyssa,Muino,85
tepsly43,Trix,Epsly,55
scornwall44,Stephen,Cornwall,34
ocaddy45,Odessa,Caddy,63
sstuckley46,Sissy,Stuckley,83
ehyett47,Early,Hyett,19
frosnau48,Fiona,Rosnau,73
acoldwell49,Abelard,Coldwell,49
emaudsley4a,Emlyn,Maudsley,63
nmcilrath4b,Niki,McIlrath,65
gdeniske4c,Glenden,Deniske,90
hwhiffin4d,Had,Whiffin,56
jmcart4e,Judas,McArt,44
kgaylard4f,Kirby,Gaylard,29
ntesdale4g,Nanette,Tesdale,72
scridland4h,Sherlock,Cridland,67
qfallawe4i,Quill,Fallawe,22
bnand4j,Brice,Nand,79
awych4k,Annalee,Wych,44
dritson4l,Dorie,Ritson,21
rfinney4m,Robbyn,Finney,82
lfroome4n,Lion,Froome,62
wlemmertz4o,Waldo,Lemmertz,85
kwoolner4p,Kristo,Woolner,55
tforgan4q,Trev,Forgan,53
mingry4r,Mannie,Ingry,66
bdobrovolny4s,Blithe,Dobrovolny,72
gmaccallam4t,Gayle,MacCallam,70
agiacaponi4u,Arleta,Giacaponi,40
feasey4v,Felic,Easey,55
jtraise4w,Janek,Traise,76
bmacallister4x,Brandy,MacAllister,36
hreeve4y,Hestia,Reeve,66
kjentet4z,Kordula,Jentet,27
tmonroe50,Tades,Monroe,67
gnorcliff51,Gail,Norcliff,85
fwibrow52,Finley,Wibrow,30
awands53,Allina,Wands,50
aassur54,Athene,Assur,83
bstrotone55,Brenn,Strotone,26
omoine56,Odella,Moine,46
fbootyman57,Fernande,Bootyman,38
ksmartman58,Kile,Smartman,87
bgligorijevic59,Ban,Gligorijevic,83
adymott5a,Abran,Dymott,36
cirnys5b,Cathy,Irnys,69
latyea5c,Lanni,Atyea,56
vsaenz5d,Vance,Saenz,60
baslum5e,Bran,Aslum,33
pcreeghan5f,Patricia,Creeghan,71
nscholfield5g,Neile,Scholfield,25
ccunnington5h,Cross,Cunnington,81
nhickin5i,Nollie,Hickin,75
rkofax5j,Rourke,Kofax,34
cheppner5k,Carolann,Heppner,40
bphelan5l,Bernie,Phelan,36
khurdle5m,Kearney,Hurdle,40
balleway5n,Brenden,Alleway,61
sohallagan5o,Stacy,O'Hallagan,50
ksample5p,Kelbee,Sample,78
gfreestone5q,Galvan,Freestone,18
hkimpton5r,Haslett,Kimpton,78
kblowne5s,Klaus,Blowne,24
gmacness5t,Giacopo,MacNess,26
kperrelli5u,Krishnah,Perrelli,80
mstennett5v,Maxwell,Stennett,22
msemered5w,Marylin,Semered,49
gcrucitti5x,Grata,Crucitti,65
hrutherfoord5y,Holmes,Rutherfoord,86
rberndtsson5z,Randall,Berndtsson,44
bpennetta60,Buck,Pennetta,62
mtyres61,Moira,Tyres,46
sschaffel62,Sissie,Schaffel,81
bmaginot63,Bald,Maginot,78
ceaddy64,Cletis,Eaddy,83
bforder65,Beauregard,Forder,18
fchoake66,Florri,Choake,57
fkollasch67,Filip,Kollasch,57
mtrollope68,Mandie,Trollope,22
kcadwell69,Kerwin,Cadwell,65
cgoodricke6a,Cass,Goodricke,88
fcape6b,Filide,Cape,56
agiamitti6c,Antonie,Giamitti,32
hmaffy6d,Hiram,Maffy,55
vdrynan6e,Vivie,Drynan,41
hjansema6f,Hort,Jansema,53
civanusyev6g,Clevie,Ivanusyev,89
rcoffelt6h,Rickey,Coffelt,84
eking6i,Eve,King,60
olongmaid6j,Otho,Longmaid,73
alittlewood6k,Angelika,Littlewood,71
ktrayhorn6l,Kippy,Trayhorn,39
dlongega6m,Dell,Longega,74
skanwell6n,Stanfield,Kanwell,75
lpicknett6o,Langsdon,Picknett,32
hyearnsley6p,Hewitt,Yearnsley,35
rkindread6q,Rosemonde,Kindread,57
lbartoleyn6r,Lonni,Bartoleyn,40
gchaddock6s,Giuseppe,Chaddock,29
sscogin6t,Stefa,Scogin,78
lrosengarten6u,Louie,Rosengarten,69
wmaccurley6v,Weston,MacCurley,33
mcatling6w,Madelaine,Catling,84
cdaysh6x,Catina,Daysh,73
pashby6y,Pasquale,Ashby,88
tburdell6z,Tailor,Burdell,37
rbazelle70,Rodney,Bazelle,21
pcicci71,Pauly,Cicci,79
tdeancywillis72,Terrill,de'-Ancy Willis,53
tkennham73,Torry,Kennham,72
shasted74,Sophronia,Hasted,74
rchaffe75,Rogerio,Chaffe,62
kgabbat76,Karena,Gabbat,60
mmuckle77,Mannie,Muckle,59
abouskill78,Arlen,Bouskill,33
imaddicks79,Iver,Maddicks,75
bbrazear7a,Brewer,Brazear,51
ecamamill7b,Edin,Camamill,70
lkighly7c,Lloyd,Kighly,81
snisot7d,Selig,Nisot,57
hebbett7e,Hali,Ebbett,21
knornasell7f,Killian,Nornasell,34
mmityushin7g,Merrill,Mityushin,73
esleney7h,Erin,Sleney,89
amuldownie7i,Aubrey,Muldownie,25
klancashire7j,Kurtis,Lancashire,73
wlawry7k,Wit,Lawry,65
gdoolan7l,Giacobo,Doolan,39
fsesons7m,Florinda,Sesons,18
gjeandon7n,Garvey,Jeandon,33
cclowney7o,Cody,Clowney,85
cfallens7p,Cathe,Fallens,83
wdominick7q,Wallie,Dominick,41
hbartalot7r,Humbert,Bartalot,59
sbredgeland7s,Sissie,Bredgeland,23
dpendlenton7t,Desirae,Pendlenton,87
fbrummell7u,Falito,Brummell,86
dgrabham7v,Demetris,Grabham,48
rpetley7w,Rocky,Petley,90
mshevlin7x,Myrta,Shevlin,51
oredfern7y,Onida,Redfern,19
nchavey7z,Nils,Chavey,76
iworsam80,Ilyse,Worsam,86
amounsey81,Arleta,Mounsey,56
cjinda82,Cully,Jinda,60
cmellodey83,Clemente,Mellodey,52
erankine84,Even,Rankine,87
dtaffie85,Domenico,Taffie,52
rjest86,Romonda,Jest,27
rfabb87,Rhodie,Fabb,87
shargitt88,Sella,Hargitt,66
hleestut89,Hervey,Le Estut,18
eodonohue8a,Elna,O'Donohue,81
cosgardby8b,Cassandry,Osgardby,83
sknutsen8c,Sela,Knutsen,49
pmullen8d,Pavla,Mullen,50
sponton8e,Sharity,Ponton,46
lbett8f,Lianne,Bett,89
dromushkin8g,Dimitry,Romushkin,62
mjimes8h,Meier,Jimes,37
dtucsell8i,Daveen,Tucsell,64
mmurray8j,Mella,Murray,39
kbrazil8k,Kanya,Brazil,21
dduns8l,Derry,Duns,71
cduddell8m,Chase,Duddell,52
cupshall8n,Cacilia,Upshall,36
jlande8o,Josephine,Lande,55
rbrindley8p,Richy,Brindley,87
aguerin8q,Ali,Guerin,77
dbardsley8r,Deana,Bardsley,88
wduggan8s,Windham,Duggan,71
akmiec8t,Aurilia,Kmiec,26
obaulcombe8u,Orion,Baulcombe,30
opinckstone8v,Omero,Pinckstone,41
cwormstone8w,Clerc,Wormstone,77
hchittem8x,Herc,Chittem,66
tquested8y,Tonya,Quested,87
bsheerin8z,Benny,Sheerin,56
lhughlin90,Leslie,Hughlin,70
ystreeter91,Yolanda,Streeter,72
hriditch92,Honor,Riditch,47
jpaddison93,Jacynth,Paddison,83
zbarraclough94,Zacharias,Barraclough,31
dtowey95,Devlin,Towey,33
ksavins96,Kelli,Savins,39
ihailes97,Inez,Hailes,25
gbraddon98,Garnet,Braddon,89
kegginson99,Karry,Egginson,67
gauger9a,Guss,Auger,48
nbuttrick9b,Norris,Buttrick,77
mguyon9c,Monique,Guyon,79
gditchfield9d,Grant,Ditchfield,79
jchippindale9e,Jill,Chippindale,68
fholborn9f,Faith,Holborn,63
ztapenden9g,Zacherie,Tapenden,69
ofaley9h,Olenka,Faley,32
ocometto9i,Ody,Cometto,78
nfendlow9j,Nathanael,Fendlow,24
cpeskett9k,Charmane,Peskett,37
cskea9l,Cherilynn,Skea,19
mtalboy9m,Meridel,Talboy,68
atemple9n,Ashlen,Temple,50
fkeegan9o,Freedman,Keegan,76
rscarlett9p,Rube,Scarlett,84
lpaull9q,Lynnet,Paull,36
awennam9r,Adrian,Wennam,40
qcripin9s,Quentin,Cripin,65
fbeadle9t,Florie,Beadle,43
gkohnemann9u,Gabe,Kohnemann,86
gphelipeaux9v,Gillian,Phelipeaux,34
jabbott9w,Jorrie,Abbott,50
dgrazier9x,Delcina,Grazier,83
agerholz9y,Allissa,Gerholz,23
rjoyes9z,Renae,Joyes,45
kbiddlestona0,Kendre,Biddleston,22
wbonellea1,Wright,Bonelle,80
ebotta2,Ethel,Bott,26
rmcettricka3,Rik,Mcettrick,21
aphetheana4,Ab,Phethean,85
hhensa5,Hilly,Hens,21
mlansdalea6,Maje,Lansdale,23
tforwarda7,Tad,Forward,23
pstilemana8,Pepi,Stileman,59
lcocklina9,Lurlene,Cocklin,80
tpurrieraa,Tris,Purrier,77
tparlettab,Torry,Parlett,38
avalerioac,Allis,Valerio,49
rfentyad,Roberta,Fenty,46
cdanieleae,Clarita,Daniele,66
ksamwaysaf,Karmen,Samways,23
zdewittag,Zonda,Dewitt,65
hantenah,Helenelizabeth,Anten,52
ddogertyai,Daisy,Dogerty,43
flauaj,Fayre,Lau,54
rdymentak,Reggy,Dyment,36
stillmanal,Sid,Tillman,81
sdionisoam,Susannah,Dioniso,89
rmatejkaan,Rose,Matejka,47
cmoorcraftao,Cal,Moorcraft,19
mtunnicliffeap,Maribel,Tunnicliffe,70
rglennaq,Rebekah,Glenn,59
tchallinerar,Terri,Challiner,59
dakersas,Dunstan,Akers,49
mcahernyat,Matty,Caherny,47
lklewerau,Larry,Klewer,52
ddartanav,Donnell,Dartan,51
ipalffyaw,Isabel,Palffy,29
jmcterryax,Jeanine,McTerry,82
bandreevay,Byram,Andreev,52
sriddaz,Stefania,Ridd,66
cludeeb0,Cassi,Ludee,23
kbartolijnb1,Karena,Bartolijn,25
fkneeshab2,Field,Kneesha,84
cnewrickb3,Celinda,Newrick,26
vpaddleb4,Verna,Paddle,60
dhawksleyb5,Dotty,Hawksley,87
pbaumfordb6,Phillip,Baumford,60
cclausenthueb7,Chester,Clausen-Thue,88
vwindmillb8,Vladimir,Windmill,41
hdunstanb9,Helen,Dunstan,79
rmardeba,Randolph,Marde,59
kespadatebb,Katherina,Espadate,23
gharrinsonbc,Griffin,Harrinson,69
lhuddybd,Lin,Huddy,32
vulrikbe,Vanna,Ulrik,52
lfilyushkinbf,Leola,Filyushkin,79
wclutrambg,Windy,Clutram,26
tfargiebh,Tadd,Fargie,65
gmoylanebi,Genevra,Moylane,83
gborboroughbj,Gilligan,Borborough,40
sstonesbk,Stefanie,Stones,84
abrusinbl,Ailis,Brusin,82
sgodlipbm,Sax,Godlip,62
bcavetbn,Bennie,Cavet,73
dklimpbo,Dawna,Klimp,70
lpfifferbp,Leah,Pfiffer,74
iodooganbq,Irving,O'Doogan,20
pmcinerneybr,Pattin,McInerney,60
vpollastrinobs,Vittorio,Pollastrino,80
spetyakovbt,Shena,Petyakov,90
dswanboroughbu,Donielle,Swanborough,70
sbullinbv,Sandro,Bullin,71
lwillstropbw,Laureen,Willstrop,64
llackeyebx,Lemuel,Lackeye,32
dcollabineby,Derrik,Collabine,88
splanebz,Stephanie,Plane,90
rclaremontc0,Rene,Claremont,87
nniemiecc1,Nariko,Niemiec,68
fhesserc2,Farrell,Hesser,23
fchillistonec3,Fairleigh,Chillistone,24
msparrowc4,Markus,Sparrow,21
eshanahanc5,Eimile,Shanahan,20
afryec6,Alfi,Frye,27
iodriscollc7,Isidor,O'Driscoll,70
pmcculloughc8,Paulita,McCullough,64
cjumpc9,Clarance,Jump,54
zdouthwaiteca,Zitella,Douthwaite,73
ggoldwatercb,Gussi,Goldwater,43
sdytercc,Selle,Dyter,22
mmershcd,Maxim,Mersh,77
asodoryce,Archibold,Sodory,58
jgrintercf,Julianne,Grinter,82
srobinetcg,Sasha,Robinet,55
ewyldishch,Ezekiel,Wyldish,66
ayakebovitchci,Angelika,Yakebovitch,25
tdrakecj,Travers,Drake,80
vhendonsonck,Virginia,Hendonson,78
langiercl,Lissy,Angier,26
jantonutticm,Jonathon,Antonutti,79
mkezarcn,Malissia,Kezar,36
fpetrosellico,Freeman,Petroselli,19
bdietschecp,Bronny,Dietsche,46
acobbledickcq,Ashil,Cobbledick,89
gpiddletowncr,Gratia,Piddletown,27
cduetschecs,Claudianus,Duetsche,63
adoxseyct,Althea,Doxsey,84
lhoggincu,Lauri,Hoggin,55
rpietraszekcv,Ruthe,Pietraszek,36
ikinsoncw,Ivonne,Kinson,62
jkelbycx,Jory,Kelby,43
cgamlency,Caressa,Gamlen,33
ashepleycz,Ame,Shepley,25
mtendahld0,Magdalen,Tendahl,62
gjoannidid1,Gregorio,Joannidi,61
sgoodbyd2,Seamus,Goodby,26
amilliond3,Allistir,Million,77
fwinscombd4,Fiona,Winscomb,42
rfayerbrotherd5,Rex,Fayerbrother,58
ldanyd6,Lulu,Dany,89
kmcinteerd7,Keane,McInteer,47
hpeacheyd8,Hal,Peachey,49
jpetrovicd9,Jacqui,Petrovic,63
ccarnihanda,Carmon,Carnihan,82
vmartinadb,Vaughn,Martina,80
ftumilitydc,Flory,Tumility,69
wtriebnerdd,Wood,Triebner,25
dkaddde,Darn,Kadd,77
pkillshawdf,Peg,Killshaw,46
crobbsdg,Cristiano,Robbs,57
rrieflindh,Ryley,Rieflin,33
gcouvetdi,Gabe,Couvet,79
asilversmiddj,Alie,Silversmid,81
lautiedk,Lise,Autie,80
mlowseleydl,Maurice,Lowseley,25
ddoultondm,Dewain,Doulton,50
fbraunleindn,Fernandina,Braunlein,73
gcoultardo,Gregoire,Coultar,28
kwhatesdp,Katherina,Whates,90
mcrookshanksdq,Matthieu,Crookshanks,45
bnisbydr,Birch,Nisby,64
bgerwoodds,Bond,Gerwood,34
tgarthsidedt,Talya,Garthside,88
jtunnadu,Joela,Tunna,18
cbrunondv,Creighton,Brunon,88
mbaggallydw,Mariellen,Baggally,43
dmacvaughdx,Dulcinea,MacVaugh,48
sbohdendy,Sterne,Bohden,42
nchansonnedz,Norene,Chansonne,73
bcowelye0,Bette-ann,Cowely,44
bdesporte1,Bernette,Desport,44
aewingse2,Adey,Ewings,65
jbowdreye3,Jacob,Bowdrey,74
cclarise4,Candie,Claris,87
cbankse5,Christophe,Banks,26
gdomicane6,Giles,Domican,22
agrutchfielde7,Arte,Grutchfield,66
epalaye8,Erasmus,Palay,78
gbennettse9,Guthry,Bennetts,29
rraesideea,Rod,Raeside,19
llerhinaneb,Linell,Lerhinan,29
jswashec,Jennica,Swash,51
mjeanequined,Madelle,Jeanequin,31
rmuzzolloee,Rebekkah,Muzzollo,24
vliepmannef,Vonnie,Liepmann,55
amilbourneg,Austine,Milbourn,70
jmacshaneeh,Jacky,MacShane,62
nscatcharei,Nerte,Scatchar,69
eairetonej,Etti,Aireton,67
dinnotek,Demeter,Innot,72
lhowsleyel,Leslie,Howsley,81
phendinem,Purcell,Hendin,48
efaberen,Even,Faber,80
jgilmoreeo,Jere,Gilmore,89
ctyerep,Catriona,Tyer,57
ssooleyeq,Shae,Sooley,82
ldobsoner,Lannie,Dobson,49
pgoddmanes,Polly,Goddman,66
eguinnet,Emyle,Guinn,26
dleslyeu,Dniren,Lesly,26
mnaismithev,Marget,Naismith,78
mdymentew,Michele,Dyment,58
vattersollex,Vick,Attersoll,66
shorningey,Simonne,Horning,26
lcrawleyez,Lorie,Crawley,43
lhamillf0,Lyndsie,Hamill,52
vlapwoodf1,Vally,Lapwood,26
mgierekf2,Mallory,Gierek,55
igrishechkinf3,Iormina,Grishechkin,46
jmaciaszczykf4,Jean,Maciaszczyk,87
lpetrellof5,Leia,Petrello,31
rnorthamf6,Riccardo,Northam,23
jkenewellf7,Jo-ann,Kenewell,45
zsouthwoodf8,Zorah,Southwood,88
mlindemannf9,Madlen,Lindemann,32
cnovellofa,Corbin,Novello,35
evasyutichevfb,Elbertina,Vasyutichev,47
mdormerfc,Myrlene,Dormer,51
gmallochfd,Godiva,Malloch,42
jhalbordfe,Jordana,Halbord,41
awellandff,Alastair,Welland,60
cbamblettfg,Carolan,Bamblett,89
hplinckfh,Hollyanne,Plinck,35
gmansuerfi,Germain,Mansuer,69
gwoodfinefj,Gaston,Woodfine,28
aborkettfk,Alessandra,Borkett,79
vjachimakfl,Vally,Jachimak,78
klislefm,Kaylil,Lisle,34
jgiuronifn,Jean,Giuroni,54
rnealandfo,Rozalie,Nealand,77
scrankfp,Sancho,Crank,88
gtomasekfq,Gerardo,Tomasek,33
zhussyfr,Zarah,Hussy,36
kskeechfs,Kriste,Skeech,31
josipovft,Junie,Osipov,42
jcruikshankfu,Jo,Cruikshank,47
santuschfv,Shannan,Antusch,65
clarventfw,Celestina,Larvent,56
adraijerfx,Ardys,Draijer,57
criccettify,Case,Riccetti,37
tsagefz,Terrijo,Sage,46
bgerrellg0,Brande,Gerrell,48
edorrellg1,Elsa,Dorrell,24
rschuleg2,Rustie,Schule,18
podreaing3,Phaedra,O'Dreain,22
dsparroweg4,Damiano,Sparrowe,74
llotteringtong5,Lona,Lotterington,33
jbrownsillg6,Jennine,Brownsill,32
bscoong7,Brina,Scoon,47
mroalfeg8,Maggie,Roalfe,51
ldewdenyg9,Laurene,Dewdeny,87
atunnyga,Anny,Tunny,40
athurlowgb,Alissa,Thurlow,81
doubridgegc,Dunn,Oubridge,49
bvanichkingd,Blancha,Vanichkin,75
gedginge,Gilberta,Edgin,47
kclacsongf,Konrad,Clacson,76
gpostlethwaitegg,Garvin,Postlethwaite,65
ewitulgh,Ephrayim,Witul,72
gconniamgi,Gray,Conniam,22
cjosselsongj,Clark,Josselson,55
dtoderinigk,Dew,Toderini,43
santonignettigl,Sibel,Antonignetti,81
zlowniegm,Zolly,Lownie,18
mdrancegn,Minda,Drance,59
fdanilovicgo,Francisca,Danilovic,89
gwindowsgp,Gwen,Windows,42
baiskovitchgq,Bancroft,Aiskovitch,64
gpengelleygr,Gawain,Pengelley,44
rgirtongs,Ree,Girton,52
lluckingsgt,Luisa,Luckings,88
gembragu,Gwen,Embra,87
hglasgv,Hayward,Glas,77
mibarragw,Maribeth,Ibarra,44
maltoftsgx,Morgan,Altofts,45
lsomesgy,Lynette,Somes,43
nsecretgz,Nickey,Secret,65
bcasottih0,Brittani,Casotti,53
ecardilloh1,Elroy,Cardillo,32
emcgahyh2,Ebeneser,McGahy,34
ppierpointh3,Pennie,Pierpoint,77
jhardwellh4,Juliette,Hardwell,72
ryeseninh5,Romola,Yesenin,68
hmarth6,Holly-anne,Mart,53
vmingeyh7,Vanda,Mingey,43
amacpharlainh8,Abigale,MacPharlain,26
amaiklemh9,Audra,Maiklem,79
ccopcottha,Corissa,Copcott,64
tpogehb,Timoteo,Poge,88
jmccritchiehc,Jamie,McCritchie,50
gcradockhd,Genovera,Cradock,72
gstoryhe,Georgi,Story,29
fcannicotthf,Fair,Cannicott,85
sclellandhg,Sophie,Clelland,29
dabaroughhh,Darline,Abarough,86
mraimbauldhi,Mallorie,Raimbauld,30
poagerhj,Philippa,Oager,31
sdecarterethk,Stewart,De Carteret,32
tcroanhl,Torre,Croan,78
pcraydonhm,Phillipp,Craydon,22
lasburyhn,Lottie,Asbury,68
kizhakovho,Kathi,Izhakov,36
fklewihp,Florence,Klewi,70
vbreakspearhq,Viole,Breakspear,76
abohlsenhr,Alvinia,Bohlsen,63
jdwellyhs,Johnath,Dwelly,65
mmcgiffinht,Melina,Mc Giffin,32
dchimientihu,Darren,Chimienti,59
srallinhv,Sharline,Rallin,46
ejervishw,Elliot,Jervis,78
tsidnallhx,Tani,Sidnall,33
bpigeramhy,Brigitta,Pigeram,48
smucklestonehz,Stefan,Mucklestone,57
ocerseyi0,Olenolin,Cersey,54
mmasseli1,Marchelle,Massel,55
ecannyi2,Edy,Canny,59
abysouthi3,Alina,Bysouth,36
kdraxfordi4,Klement,Draxford,57
ggillingwateri5,Guilbert,Gillingwater,43
bpelosi6,Biddie,Pelos,29
ekelneri7,Elihu,Kelner,51
qoldredi8,Quintana,Oldred,76
ahudghtoni9,Agnes,Hudghton,18
pdewhirstia,Portia,Dewhirst,54
onorcliffib,Ogdon,Norcliff,83
taldingtonic,Trenna,Aldington,19
lhuwsid,Livia,Huws,74
jdenyerie,Jenni,Denyer,22
pstaileyif,Pennie,Stailey,30
hconeybeerig,Hanson,Coneybeer,77
dkerkhamih,Dari,Kerkham,79
astockwellii,Anissa,Stockwell,74
igoodladij,Illa,Goodlad,36
adavidouik,Alayne,Davidou,79
cwilceil,Chalmers,Wilce,52
dkayleyim,Dorine,Kayley,40
cechalliein,Chicky,Echallie,89
sninehamio,Saba,Nineham,81
nbrimacombeip,Neysa,Brimacombe,87
mjakawayiq,Micky,Jakaway,64
jscorerir,Jinny,Scorer,19
rohoeyis,Rubie,O'Hoey,74
azuanazziit,Aryn,Zuanazzi,29
mkniftoniu,Misty,Knifton,84
hdownageiv,Hugh,Downage,75
vemanuelliiw,Vale,Emanuelli,39
sryeix,Salvidor,Rye,59
dpictoniy,Duky,Picton,58
dkemsleyiz,Dorothea,Kemsley,87
sputsonj0,Schuyler,Putson,71
lsaywardj1,Luke,Sayward,86
bhosburnj2,Ban,Hosburn,63
eerteltj3,Ewen,Ertelt,77
mbaptiej4,Murdock,Baptie,50
apitneyj5,Adair,Pitney,70
iokendenj6,Isabelle,Okenden,75
lbewfieldj7,Liesa,Bewfield,86
hbowcockj8,Hetty,Bowcock,19
vfeechanj9,Vally,Feechan,30
cscorrerja,Cecily,Scorrer,34
cdumbletonjb,Chico,Dumbleton,18
mfokerjc,Mureil,Foker,86
atownerjd,Adolf,Towner,57
pbeninije,Prince,Benini,90
pskunejf,Peria,Skune,48
fgoymerjg,Francis,Goymer,48
clabbetjh,Celia,LAbbet,37
amerceyji,Abraham,Mercey,62
lhessentalerjj,Lannie,Hessentaler,48
rromeijk,Rudiger,Romei,66
foldmeadowjl,Florella,Oldmeadow,90
tpaolonijm,Terrill,Paoloni,43
bklimkojn,Bettina,Klimko,48
gleinweberjo,Gaby,Leinweber,56
etinniswoodjp,Etta,Tinniswood,63
lwestphalenjq,Laetitia,Westphalen,61
rdudekjr,Reuven,Dudek,78
eguestejs,Erv,Gueste,63
edurnfordjt,Emlyn,Durnford,21
lclaybournju,Lira,Claybourn,31
emcturleyjv,Elianore,McTurley,35
avarfolomeevjw,Aline,Varfolomeev,38
smacguffogjx,Sigismond,MacGuffog,60
ibrizelljy,Isador,Brizell,44
cbamberjz,Conway,Bamber,38
fmimmackk0,Fraze,Mimmack,41
pbrattank1,Prissie,Brattan,89
arembaudk2,Angel,Rembaud,24
dsleneyk3,Deonne,Sleney,44
pswantonk4,Pascale,Swanton,77
cferrieriok5,Christi,Ferrierio,65
wgarrochk6,Westley,Garroch,79
mfaulderk7,Mellicent,Faulder,50
emorguek8,Ethelind,Morgue,60
aledgleyk9,Arron,Ledgley,63
wdymottka,Wylma,Dymott,78
vbuddleskb,Vannie,Buddles,29
scarthykc,Sauveur,Carthy,20
bmessenbirdkd,Bud,Messenbird,54
sdodske,Selene,Dods,56
mfeuellkf,Mariellen,Feuell,75
ewarwickkg,Eustacia,Warwick,30
bwilsonkh,Boothe,Wilson,42
dcridgeki,Darren,Cridge,89
aeadmeadskj,Alexis,Eadmeads,29
sdawkskk,Simone,Dawks,90
walamkl,Winnie,Alam,45
aslocketkm,Arabela,Slocket,29
wmillhillkn,Winthrop,Millhill,84
amalkinko,Angel,Malkin,79
rtomasellokp,Royal,Tomasello,30
tscanterburykq,Thelma,Scanterbury,67
ebelliardkr,Ernestus,Belliard,22
msuttlingks,Melany,Suttling,45
wspeakmankt,Wenonah,Speakman,47
asemaineku,Abagael,Semaine,68
cfortnumkv,Clarissa,Fortnum,39
mdannehlkw,Murial,Dannehl,38
ftokellkx,Fay,Tokell,42
cpengellyky,Colin,Pengelly,33
lscardefieldkz,Leopold,Scardefield,87
bgolsthorpl0,Brynne,Golsthorp,48
jglawsopl1,Jase,Glawsop,47
cjeacockel2,Colin,Jeacocke,71
rsmithendl3,Ryun,Smithend,77
cbuttruml4,Cahra,Buttrum,67
ndagostinol5,Nana,D'Agostino,88
ccroomel6,Claribel,Croome,21
dcreightonl7,Dehlia,Creighton,37
cheavisidel8,Carlin,Heaviside,35
fkirmanl9,Fair,Kirman,56
sbarentsla,Silvie,Barents,48
khavoclb,Krispin,Havoc,59
cnaultylc,Caresa,Naulty,77
skachelerld,Sheffie,Kacheler,49
vkneebonele,Verla,Kneebone,27
nelvidgelf,Neila,Elvidge,34
ebaptistelg,Emelen,Baptiste,35
edraysaylh,Edgard,Draysay,90
amccobbli,Adan,McCobb,85
ipaszaklj,Inessa,Paszak,20
rmckibbinlk,Rustin,McKibbin,38
sbloxlandll,Sheppard,Bloxland,34
rkeetleylm,Robinet,Keetley,79
acasebourneln,Amby,Casebourne,65
tmcallasterlo,Teodor,McAllaster,29
bwardesworthlp,Brucie,Wardesworth,29
aavrahmlq,Audrye,Avrahm,28
eodolr,Elwira,Odo,36
ebentsenls,Esma,Bentsen,53
bhamlynlt,Brit,Hamlyn,85
cpilllu,Cassey,Pill,24
rpetegrelv,Rafaelita,Petegre,58
stoderbruggelw,Stephan,Toderbrugge,50
dconradlx,Dov,Conrad,87
afunnellly,Abbot,Funnell,47
mworthinglz,Michale,Worthing,45
cskainsm0,Celinka,Skains,48
amaccostiganm1,Ariella,MacCostigan,87
rpuzeym2,Rosabelle,Puzey,61
mlozanom3,Maddy,Lozano,67
fcridlandm4,Fulvia,Cridland,90
ndemariam5,Nefen,De Maria,82
ipennycockm6,Inigo,Pennycock,88
fswithenbym7,Flo,Swithenby,25
iabrashkinm8,Ivan,Abrashkin,80
dsimmersm9,Doralynn,Simmers,35
ogantzerma,Olympia,Gantzer,26
lmaypolemb,Lillis,Maypole,64
dslinnmc,Darrel,Slinn,81
mdrucemd,Massimo,Druce,85
cswinburneme,Crystie,Swinburne,72
bdumphymf,Blaire,Dumphy,52
ptwamleymg,Pall,Twamley,61
abalkwillmh,Arte,Balkwill,37
fmoscomi,Finn,Mosco,86
frapseymj,Fredia,Rapsey,56
bfainmk,Billy,Fain,70
dkisarml,Daisey,Kisar,81
psouthernmm,Palm,Southern,50
aeckmn,Angela,Eck,54
kbateymo,Kelly,Batey,88
mellowaymp,Molly,Elloway,22
rcannellmq,Ronny,Cannell,53
cbrendishmr,Candida,Brendish,84
gkittlems,Gare,Kittle,83
fkeppelmt,Fletcher,Keppel,61
wjoutapaviciusmu,Warden,Joutapavicius,61
omeekinsmv,Opal,Meekins,30
fhincemw,Farr,Hince,44
mbentzenmx,Magdaia,Bentzen,20
amcallastermy,Aland,McAllaster,75
acasarolimz,Adiana,Casaroli,39
bstanesn0,Bob,Stanes,81
ijillinsn1,Inger,Jillins,52
agaitern2,Augusta,Gaiter,62
dnanellin3,Dolorita,Nanelli,48
gkyndredn4,Geoffry,Kyndred,64
lpenquetn5,Laurella,Penquet,78
sdurrelln6,Sapphire,Durrell,50
tmcphilemyn7,Tabitha,McPhilemy,43
akern8,Aluin,Ker,83
tduddelln9,Tod,Duddell,56
arodmanna,Abbot,Rodman,72
nyemmnb,Nil,Yemm,87
srisboroughnc,Saunders,Risborough,29
ekornasnd,Elle,Kornas,19
mvedyasovne,Maurice,Vedyasov,57
eharnottnf,Ellerey,Harnott,75
thullotng,Trevor,Hullot,75
agreenmannh,Alexandro,Greenman,87
cgianneschini,Caron,Gianneschi,23
telleringtonnj,Tamqrah,Ellerington,65
iboulstridgenk,Isaac,Boulstridge,70
dcobleynl,Danice,Cobley,49
hrathmellnm,Harry,Rathmell,49
bateridgenn,Bartram,Ateridge,57
rlittlewoodno,Robbin,Littlewood,26
kfiandernp,Kynthia,Fiander,79
dlanawaynq,Darelle,Lanaway,49
sriddlesdennr,Sharon,Riddlesden,26
rkubickins,Rosalie,Kubicki,47
lclinkardnt,Laurel,Clinkard,67
lchelnamnu,Laurent,Chelnam,34
hhatherallnv,Hubie,Hatherall,34
atarrynw,Audre,Tarry,25
lbuschernx,Lanna,Buscher,69
khousemanny,Kippar,Houseman,61
sjarvisnz,Stirling,Jarvis,61
jdufrayo0,Johannah,Du Fray,54
phatchello1,Padriac,Hatchell,85
bdowningo2,Berty,Downing,49
klodewicko3,Kizzee,Lodewick,57
bmalkino4,Brynne,Malkin,63
cverrillso5,Carena,Verrills,76
tnewvello6,Tania,Newvell,24
fglasbyo7,Falkner,Glasby,19
wgillimghamo8,Wallas,Gillimgham,49
nhedgeleyo9,Niles,Hedgeley,75
sfriattoa,Sybila,Friatt,41
csailerob,Carolynn,Sailer,82
rlaileyoc,Rorie,Lailey,68
earmitageod,Eb,Armitage,57
rderocheoe,Rebe,Deroche,59
elendremof,Ernst,Lendrem,62
fburgessog,Farlay,Burgess,34
ooconnollyoh,Oswald,O'Connolly,19
dhatreyoi,Darb,Hatrey,54
bbernasekoj,Betsey,Bernasek,33
hplaskittok,Hersh,Plaskitt,22
taasafol,Tobias,Aasaf,26
elarchiereom,Emiline,Larchiere,65
rbadamon,Riannon,Badam,63
bmatterfaceoo,Bill,Matterface,72
tqueneop,Tracie,Quene,53
apenderedoq,Arleyne,Pendered,31
lvaleriusor,Linnell,Valerius,41
jpyottos,Jaclin,Pyott,63
omccayot,Omar,McCay,90
lskilbeckou,Lena,Skilbeck,46
aalecockov,Aggy,Alecock,50
stingcombow,Staffard,Tingcomb,47
hscoinesox,Halsy,Scoines,44
gchermoy,Gaston,Cherm,37
zallinoz,Zondra,Allin,21
sboyfordp0,Stella,Boyford,40
alehrmannp1,Annmaria,Lehrmann,49
cbinghamp2,Christa,Bingham,31
nbownp3,Nat,Bown,70
ewilksp4,Eda,Wilks,59
eodonohoep5,Ellary,O' Donohoe,31
boraep6,Bernardine,Orae,78
dfritchleyp7,Dorine,Fritchley,43
tgatheralp8,Theadora,Gatheral,48
rbernlinp9,Rochelle,Bernlin,53
bsherynepa,Brewster,Sheryne,54
fglaviaspb,Fleming,Glavias,72
rlamballpc,Renee,Lamball,30
nblameypd,Nell,Blamey,39
jcatlettepe,Jefferey,Catlette,53
pbarensepf,Paquito,Barense,80
hsoulepg,Henrietta,Soule,80
jcodlinph,Jolie,Codlin,35
wkellenpi,Wye,Kellen,22
kgogginpj,Kimball,Goggin,59
acorderopk,Antoinette,Cordero,18
tfoulgerpl,Talya,Foulger,76
athowespm,Alfreda,Thowes,53
dsussanspn,Dorice,Sussans,78
dnurnypo,Davey,Nurny,46
dbeszantpp,Darcey,Beszant,79
modooghainepq,Muriel,O'Dooghaine,43
kgaroghanpr,Kaylee,Garoghan,75
blamanbyps,Bevon,Lamanby,41
iweerdenburgpt,Irvine,Weerdenburg,55
ejeffpu,Edyth,Jeff,40
mpetworthpv,Morlee,Petworth,20
hcurdspw,Horatio,Curds,90
dhaughianpx,Donelle,Haughian,31
sstrainepy,Susette,Straine,67
egavaganpz,Elana,Gavagan,50
lsmallq0,Lucienne,Small,61
dameyq1,Dalli,Amey,67
psmytheq2,Patin,Smythe,46
pearingeyq3,Parsifal,Earingey,26
hpaviourq4,Harv,Paviour,51
kfrancklinq5,Karrah,Francklin,55
ieptonq6,Inesita,Epton,71
ksieurq7,Kalil,Sieur,29
iockendenq8,Imogene,Ockenden,28
hesleyq9,Hagen,Esley,48
dmegaheyqa,Darcey,Megahey,58
vbrownsettqb,Vinny,Brownsett,27
obatyqc,Ozzie,Baty,60
jcostelloeqd,Jelene,Costelloe,20
jpickrellqe,Jo ann,Pickrell,60
ostuffinsqf,Orion,Stuffins,40
zfrigoutqg,Zachery,Frigout,64
dmatantsevqh,Dedie,Matantsev,73
mfidoeqi,Moises,Fidoe,40
heasterlingqj,Hillier,Easterling,76
amckmurrieqk,Abbey,McKmurrie,23
kzannelliql,Kipper,Zannelli,21
hgleaveqm,Hiram,Gleave,50
csimmellqn,Cheryl,Simmell,86
sdeftieqo,Sibley,Deftie,44
pgerrensqp,Parnell,Gerrens,49
tstatherqq,Tomi,Stather,19
fkidstonqr,Faythe,Kidston,27
cscaysbrookqs,Camilla,Scaysbrook,71
agodrichqt,Augustina,Godrich,49
acollyqu,Amie,Colly,48
jcallfqv,Jacquetta,Callf,53
rbrashawqw,Richy,Brashaw,25
malwenqx,Merle,Alwen,21
cmeneelyqy,Cherin,Meneely,41
kleneveqz,Kim,Leneve,88
jtilbeyr0,Jedediah,Tilbey,84
nwaner1,Noel,Wane,80
nbeeckxr2,Neysa,Beeckx,43
tstrangwoodr3,Thorstein,Strangwood,46
npicklessr4,Neils,Pickless,56
astoiter5,Adorne,Stoite,49
emattionir6,Elberta,Mattioni,84
emaidmentr7,Evvy,Maidment,26
areadshallr8,Albie,Readshall,37
mverbrugghenr9,Misti,Verbrugghen,78
isomertonra,Ingaborg,Somerton,60
nlenoirrb,Noel,Lenoir,27
ltatersalerc,Leopold,Tatersale,70
hgowmanrd,Hephzibah,Gowman,52
udonisore,Udall,Doniso,88
glacrocerf,Genia,La Croce,70
cswetlandrg,Cristy,Swetland,35
moaksrh,Marinna,Oaks,50
gdarwentri,Guillema,Darwent,44
flovedayrj,Florencia,Loveday,34
movitzrk,Moishe,Ovitz,66
gkilloughrl,Guinna,Killough,20
vwitseyrm,Vergil,Witsey,83
rrawesrn,Robinia,Rawes,25
sninnottiro,Sylvia,Ninnotti,41
shasseyrp,Shirl,Hassey,78
kheersrq,Kriste,Heers,81
pyoselevitchrr,Portie,Yoselevitch,61
